"小米15 新进度:已内测,可能没有短板了"
"小米MIX Flip再次被确认:参数与细节基本清晰,能对标友商吗?"
"华为“截胡”小米,用小米SU7订单买智界S7,华为门店:减免5000元"
"我的口袋图书馆,小米电纸书7英寸,让阅读更轻便!"
"小米新品冰箱登场,噪音只有34分贝,与美的松下对比好像还有优势"
2024年第一季度印度手机市场强劲增长 三星、小米、vivo三足鼎立
小米手环9距发布仅一步之遥!已通过多家机构认证
"小米怎么了?上市不足一个月跌价350元,徕卡影像+轻薄机身"
"周鸿祎、马化腾握手!一笑泯恩仇;透露雷军要造SUV,小米要与长城..."
"消息称小米 Redmi 13 手机继续搭载骁龙 4 Gen 2,快充升级为 33W"
24 天 小米汽车链企业在津投产
"小米站稳前三 苹果三星对决,一季度手机销量 TOP 5 都有谁?"
小米手环9距发布仅一步之遥!已通过多家机构认证
"才宣布全球裁员,特斯拉全线降价,与小米汽车“贴身肉搏”?"
小米网吧爆火:用户体验从小孩哥抓起 长大都是小米的忠实用户
"弘信电子深化与小米合作,推动FPC产品创新,助力高科技行业发展"
环球视角:小米在印度推出红米Note 13 5G系列HyperOS更新
"...马化腾、周鸿祎、雷军、张朝阳聚首热聊,周鸿祎向雷军要小米SU7..."
"全新问世的小米汽车,到底该不该买?"
"小米14价格崩了?12+256大跌700元,等等党赢了"
小米电纸书7英寸体验:上班族的护眼利器和智能伴侣
小米汽车答网友问二十三集:点烟器的最大功率是多少等7项问题
周鸿祎:向雷军要小米SU7体验被婉拒 他说只坐后座不适合我
"正面硬刚,智界S7和小米SU7相比,谁更值得买?"
"7.8英寸,小米多看电子书ProII体验,闭眼直接入手吧"
"买辆小米SU7,被极越汽车辞退?真相原来是这样!"
"7.8英寸价格屠夫,电纸书中没对手,小米多看电子书ProII"
【手慢无】小米新品上市 1718元入手性能机神奇
小米SU7占据北京车展C位 被吉利、智己、极越包围
小米称新颜色SU7车模已开始研发:更多配色即将到来
小米汽车:新颜色的小米SU7车模已经开始研发
投资者提问:请问公司有与小米汽车、小米机器人合作供货吗?
"小米Redmi MAX 100 英寸电视 2025 款开售:4K144Hz,售 8999 元"
小米14深度解析:比13更出色的地方都在这!
"小米15曝光,骁龙8Gen4+配置大升级,售价或4599起"
"家中买小米,认准这5个产地,中国小米之乡,米油厚,营养也丰富"
"小米造车内幕大曝光!雷军亲自解释,为何不得不进军汽车界?"
"“自从进了小米,我对雷军就没感觉了……”"
为什么中国越来越少人用小米手机了?是哪里不好吗
"从性能到摄影,小米14 Pro全方位满足日常使用需求!"
"小米14大促销,顶配版直减779,你还等什么?"
"小米MIX5配置曝光,高骁芯+5400mAh+2K,香喷喷"
"小米14徕卡影像+无线充电,骁龙8G3加持"
"小米雇佣大量水军,攻击华为?"
"小米14手机震撼优惠,你不容错过!"
"小米13:旗舰之选,性能与美学的完美结合"
小米4手表:科技与生活的完美融合
"从2499跌价1000元,小米性价比之选,成就千元真香机!"
"小米15系列再次被确认:内测阶段已开始,参数也基本清晰了"
"「谷物明珠」小米:古老谷物的健康魅力,温暖身心的金色礼物!"
"小米15系列再次被确认:内测阶段已开始,参数也基本清晰了"
"「谷物明珠」小米:古老谷物的健康魅力,温暖身心的金色礼物!"
有机小米:滋养身心的绿色佳品
"轻度游戏玩家的首选:小米14,性能与颜值的完美结合"
"千亿现金储备的小米,为何不持续迭代开发自研soc?"
"小米手机哪款性价比高 质量好,笔者良心推荐这几款"
小米手机Q1销量大增:国产手机的全球崛起
"小米手机再出爆款,16GB+1TB+90W闪充,30分钟打破行业销量纪录"
"小米旗舰机大降价!从4599到2812,256GB存储+IP68防水+徕卡影像"
"雷军霸气出手!小米14直降700+元,IP68+三摄5000万+50W无线更香"
"小米14:骁龙8Gen3小钢炮,6.36英寸120Hz直屏新贵"
"小米13:骁龙8Gen2性能机皇,亲民价格小屏直板神机"
"别再看iPhone了,小米13才是小屏旗舰的首选,现已降价!"
升级Android 14!小米10/11和K40系列正式推送澎湃OS(附下载)
"小米14系列全新发布:顶级配置,智能手机新风尚,你值得拥有!"
"小米14 Ultra深度体验:旗舰机皇,你值得拥有!"
小米手环8 Pro评测:一款可靠且经济实惠的智能运动手环
"高性能小米14,引领手机新风尚,你的下一部首选!"
小米1000~2000元手机哪个好?5款性价比高的小米手机推荐2024最新
小米SU7面临亏损质疑:市场预测与企业回应
小米1000~2000元手机哪个好?5款性价比高的小米手机推荐2024最新
小米SU7面临亏损质疑:市场预测与企业回应
小米手机真的崛起了么 小米14怎么样
"小米自研芯片快来了?4nm工艺,还要媲美麒麟9000S"
"小米M30S扫地机器人:家务小管家,硬核清洁新体验!"
小米汽车SU7智能化升级:无线CarPlay与城市NOA功能即将到来
米粉节大放送:小米14Pro全能旗舰引领潮流
"小米14:直屏旗舰新卷王,骁龙8Gen3处理器,5000万像素徕卡三摄"
小米14:集卓越性能与持久续航于一身的科技杰作
"当知道小米用户被人称为屌丝后,你以后还会买小米14手机吗"
"雷军“不讲武德”,小米巨省电1.5匹空调上市价1999,新一级能效"
"小米手机哪款好用性价比高,盘点几款口碑较好值得买的型号"
"小米热门手机大比拼,性价比与高性能的完美结合!"
"小米Redmi智能电视2025款:预装小米澎湃 OS,未来家居娱乐的新星"
"小米米粉节独家优惠,这款旗舰手机降价啦!"
"小米小爱触屏音箱:智慧生活新触点,全能家庭助手"
"保护隐私,拒绝打扰:小米如何轻松拦截app广告"
"小米够良心,小米10手机正式升级小米澎湃OS系统,丝滑如新机"
"小米太不讲武德了,新发100英寸电视仅售8999元,144Hz高刷+64GB"
小米Redmi Turbo 3:享受科技带来的便捷
"千元机皇!小米这款1TB手机降价太狠了,现在不买更待何时?"
"一个尴尬的事实:小米的销量中,低端红米撑起85%"
"小米新机低调登场,性能强悍却少人知,首发还送碎屏险+蓝牙耳机"
"小米13小屏旗舰:精致之作,历久弥新"
"小米手机全产品线分析及汇总|泾渭分明,红米Note系列定位大变"
"重回1999,小米昨晚发布的新机再次掀桌子了"
"小米妥协了!2亿像素+5100mAh续航王,1.5K屏+OIS防抖仅1244元!"
"劝你吃小米的理由,一个就够了"
"小米集团Q3经调整净利润约60亿元,同比增超180%"
小米最近为何备受央媒关注
